yyyy-mm-dd,HH:MM,team1,team2,score1,score2
19/08/17,00:00,Juventus,Cagliari,3,0
20/08/17,00:00,Atalanta,Roma,0,1
20/08/17,00:00,Bologna,Torino,1,1
20/08/17,00:00,Inter,Fiorentina,3,0
20/08/17,00:00,Lazio,Spal,0,0
20/08/17,00:00,Sassuolo,Genoa,0,0
20/08/17,00:00,Udinese,Chievo,1,2
26/08/17,00:00,Genoa,Juventus,2,4
26/08/17,00:00,Roma,Inter,1,3
27/08/17,00:00,Chievo,Lazio,1,2
27/08/17,00:00,Fiorentina,Sampdoria,1,2
27/08/17,00:00,Milan,Cagliari,2,1
27/08/17,00:00,Napoli,Atalanta,3,1
27/08/17,00:00,Spal,Udinese,3,2
27/08/17,00:00,Torino,Sassuolo,3,0
09/09/17,00:00,Juventus,Chievo,3,0
10/09/17,00:00,Atalanta,Sassuolo,2,1
10/09/17,00:00,Bologna,Napoli,0,3
10/09/17,00:00,Inter,Spal,2,0
10/09/17,00:00,Lazio,Milan,4,1
10/09/17,00:00,Udinese,Genoa,1,0
16/09/17,00:00,Fiorentina,Bologna,2,1
17/09/17,00:00,Chievo,Atalanta,1,1
17/09/17,00:00,Genoa,Lazio,2,3
17/09/17,00:00,Milan,Udinese,2,1
17/09/17,00:00,Sassuolo,Juventus,1,3
17/09/17,00:00,Spal,Cagliari,0,2
17/09/17,00:00,Torino,Sampdoria,2,2
19/09/17,00:00,Bologna,Inter,1,1
20/09/17,00:00,Cagliari,Sassuolo,0,1
20/09/17,00:00,Genoa,Chievo,1,1
20/09/17,00:00,Juventus,Fiorentina,1,0
20/09/17,00:00,Lazio,Napoli,1,4
20/09/17,00:00,Milan,Spal,2,0
20/09/17,00:00,Udinese,Torino,2,3
23/09/17,00:00,Juventus,Torino,4,0
23/09/17,00:00,Roma,Udinese,3,1
23/09/17,00:00,Spal,Napoli,2,3
24/09/17,00:00,Cagliari,Chievo,0,2
24/09/17,00:00,Fiorentina,Atalanta,1,1
24/09/17,00:00,Inter,Genoa,1,0
24/09/17,00:00,Sampdoria,Milan,2,0
24/09/17,00:00,Sassuolo,Bologna,0,1
30/09/17,00:00,Genoa,Bologna,0,1
30/09/17,00:00,Udinese,Sampdoria,4,0
01/10/17,00:00,Atalanta,Juventus,2,2
01/10/17,00:00,Chievo,Fiorentina,2,1
01/10/17,00:00,Lazio,Sassuolo,6,1
01/10/17,00:00,Milan,Roma,0,2
01/10/17,00:00,Napoli,Cagliari,3,0
14/10/17,00:00,Juventus,Lazio,1,2
14/10/17,00:00,Roma,Napoli,0,1
15/10/17,00:00,Bologna,Spal,2,1
15/10/17,00:00,Cagliari,Genoa,2,3
15/10/17,00:00,Fiorentina,Udinese,2,1
15/10/17,00:00,Inter,Milan,3,2
15/10/17,00:00,Sampdoria,Atalanta,3,1
15/10/17,00:00,Sassuolo,Chievo,0,0
21/10/17,00:00,Napoli,Inter,0,0
22/10/17,00:00,Atalanta,Bologna,1,0
22/10/17,00:00,Lazio,Cagliari,3,0
22/10/17,00:00,Milan,Genoa,0,0
22/10/17,00:00,Spal,Sassuolo,0,1
22/10/17,00:00,Torino,Roma,0,1
22/10/17,00:00,Udinese,Juventus,2,6
24/10/17,00:00,Inter,Sampdoria,3,2
25/10/17,00:00,Bologna,Lazio,1,2
25/10/17,00:00,Chievo,Milan,1,4
25/10/17,00:00,Fiorentina,Torino,3,0
25/10/17,00:00,Genoa,Napoli,2,3
25/10/17,00:00,Juventus,Spal,4,1
25/10/17,00:00,Sassuolo,Udinese,0,1
28/10/17,00:00,Milan,Juventus,0,2
28/10/17,00:00,Roma,Bologna,1,0
29/10/17,00:00,Napoli,Sassuolo,3,1
29/10/17,00:00,Sampdoria,Chievo,4,1
29/10/17,00:00,Spal,Genoa,1,0
29/10/17,00:00,Torino,Cagliari,2,1
29/10/17,00:00,Udinese,Atalanta,2,1
04/11/17,00:00,Genoa,Sampdoria,0,2
05/11/17,00:00,Atalanta,Spal,1,1
05/11/17,00:00,Chievo,Napoli,0,0
05/11/17,00:00,Fiorentina,Roma,2,4
05/11/17,00:00,Inter,Torino,1,1
05/11/17,00:00,Sassuolo,Milan,0,2
18/11/17,00:00,Napoli,Milan,2,1
18/11/17,00:00,Roma,Lazio,2,1
19/11/17,00:00,Inter,Atalanta,2,0
19/11/17,00:00,Sampdoria,Juventus,3,2
19/11/17,00:00,Spal,Fiorentina,1,1
19/11/17,00:00,Torino,Chievo,1,1
19/11/17,00:00,Udinese,Cagliari,0,1
25/11/17,00:00,Bologna,Sampdoria,3,0
25/11/17,00:00,Cagliari,Inter,1,3
25/11/17,00:00,Chievo,Spal,2,1
26/11/17,00:00,Genoa,Roma,1,1
26/11/17,00:00,Lazio,Fiorentina,1,1
26/11/17,00:00,Milan,Torino,0,0
26/11/17,00:00,Udinese,Napoli,0,1
01/12/17,00:00,Napoli,Juventus,0,1
01/12/17,00:00,Roma,Spal,3,1
02/12/17,00:00,Torino,Atalanta,1,1
03/12/17,00:00,Bologna,Cagliari,1,1
03/12/17,00:00,Fiorentina,Sassuolo,3,0
03/12/17,00:00,Inter,Chievo,5,0
03/12/17,00:00,Sampdoria,Lazio,1,2
09/12/17,00:00,Cagliari,Sampdoria,2,2
09/12/17,00:00,Juventus,Inter,0,0
10/12/17,00:00,Chievo,Roma,0,0
10/12/17,00:00,Milan,Bologna,2,1
10/12/17,00:00,Napoli,Fiorentina,0,0
11/12/17,00:00,Lazio,Torino,1,3
12/12/17,00:00,Genoa,Atalanta,1,2
16/12/17,00:00,Inter,Udinese,1,3
16/12/17,00:00,Roma,Cagliari,1,0
16/12/17,00:00,Torino,Napoli,1,3
17/12/17,00:00,Atalanta,Lazio,3,3
17/12/17,00:00,Bologna,Juventus,0,3
17/12/17,00:00,Fiorentina,Genoa,0,0
17/12/17,00:00,Sampdoria,Sassuolo,0,1
22/12/17,00:00,Cagliari,Fiorentina,0,1
22/12/17,00:00,Chievo,Bologna,2,3
23/12/17,00:00,Juventus,Roma,1,0
23/12/17,00:00,Milan,Atalanta,0,2
23/12/17,00:00,Napoli,Sampdoria,3,2
23/12/17,00:00,Sassuolo,Inter,1,0
23/12/17,00:00,Spal,Torino,2,2
30/12/17,00:00,Atalanta,Cagliari,1,2
30/12/17,00:00,Bologna,Udinese,1,2
30/12/17,00:00,Fiorentina,Milan,1,1
30/12/17,00:00,Inter,Lazio,0,0
30/12/17,00:00,Roma,Sassuolo,1,1
30/12/17,00:00,Sampdoria,Spal,2,0
30/12/17,00:00,Torino,Genoa,0,0
05/01/18,00:00,Chievo,Udinese,1,1
05/01/18,00:00,Fiorentina,Inter,1,1
06/01/18,00:00,Cagliari,Juventus,0,1
06/01/18,00:00,Genoa,Sassuolo,1,0
06/01/18,00:00,Roma,Atalanta,1,2
06/01/18,00:00,Spal,Lazio,2,5
06/01/18,00:00,Torino,Bologna,3,0
21/01/18,00:00,Atalanta,Napoli,0,1
21/01/18,00:00,Cagliari,Milan,1,2
21/01/18,00:00,Inter,Roma,1,1
21/01/18,00:00,Lazio,Chievo,5,1
21/01/18,00:00,Sampdoria,Fiorentina,3,1
21/01/18,00:00,Sassuolo,Torino,1,1
21/01/18,00:00,Udinese,Spal,1,1
22/01/18,00:00,Juventus,Genoa,1,0
24/01/18,00:00,Lazio,Udinese,3,0
24/01/18,00:00,Sampdoria,Roma,1,1
27/01/18,00:00,Chievo,Juventus,0,2
27/01/18,00:00,Sassuolo,Atalanta,0,3
28/01/18,00:00,Genoa,Udinese,0,1
28/01/18,00:00,Milan,Lazio,2,1
28/01/18,00:00,Napoli,Bologna,3,1
28/01/18,00:00,Roma,Sampdoria,0,1
28/01/18,00:00,Spal,Inter,1,1
03/02/18,00:00,Sampdoria,Torino,1,1
04/02/18,00:00,Atalanta,Chievo,1,0
04/02/18,00:00,Bologna,Fiorentina,1,2
04/02/18,00:00,Cagliari,Spal,2,0
04/02/18,00:00,Juventus,Sassuolo,7,0
04/02/18,00:00,Udinese,Milan,1,1
05/02/18,00:00,Lazio,Genoa,1,2
09/02/18,00:00,Fiorentina,Juventus,0,2
10/02/18,00:00,Napoli,Lazio,4,1
10/02/18,00:00,Spal,Milan,0,4
11/02/18,00:00,Chievo,Genoa,0,1
11/02/18,00:00,Inter,Bologna,2,1
11/02/18,00:00,Sassuolo,Cagliari,0,0
11/02/18,00:00,Torino,Udinese,2,0
17/02/18,00:00,Chievo,Cagliari,2,1
17/02/18,00:00,Genoa,Inter,2,0
17/02/18,00:00,Udinese,Roma,0,2
18/02/18,00:00,Atalanta,Fiorentina,1,1
18/02/18,00:00,Bologna,Sassuolo,2,1
18/02/18,00:00,Milan,Sampdoria,1,0
18/02/18,00:00,Napoli,Spal,1,0
18/02/18,00:00,Torino,Juventus,0,1
24/02/18,00:00,Bologna,Genoa,2,0
25/02/18,00:00,Fiorentina,Chievo,1,0
25/02/18,00:00,Roma,Milan,0,2
25/02/18,00:00,Sampdoria,Udinese,2,1
25/02/18,00:00,Sassuolo,Lazio,0,3
26/02/18,00:00,Cagliari,Napoli,0,5
03/03/18,00:00,Lazio,Juventus,0,1
03/03/18,00:00,Napoli,Roma,2,4
03/03/18,00:00,Spal,Bologna,1,0
09/03/18,00:00,Roma,Torino,3,0
11/03/18,00:00,Bologna,Atalanta,0,1
11/03/18,00:00,Cagliari,Lazio,2,2
11/03/18,00:00,Genoa,Milan,0,1
11/03/18,00:00,Inter,Napoli,0,0
11/03/18,00:00,Juventus,Udinese,2,0
11/03/18,00:00,Sassuolo,Spal,1,1
14/03/18,00:00,Juventus,Atalanta,2,0
17/03/18,00:00,Spal,Juventus,0,0
17/03/18,00:00,Udinese,Sassuolo,1,2
18/03/18,00:00,Lazio,Bologna,1,1
18/03/18,00:00,Milan,Chievo,3,2
18/03/18,00:00,Napoli,Genoa,1,0
18/03/18,00:00,Sampdoria,Inter,0,5
18/03/18,00:00,Torino,Fiorentina,1,2
31/03/18,00:00,Atalanta,Udinese,2,0
31/03/18,00:00,Bologna,Roma,1,1
31/03/18,00:00,Cagliari,Torino,0,4
31/03/18,00:00,Chievo,Sampdoria,2,1
31/03/18,00:00,Genoa,Spal,1,1
31/03/18,00:00,Juventus,Milan,3,1
31/03/18,00:00,Sassuolo,Napoli,1,1
03/04/18,00:00,Atalanta,Sampdoria,1,2
03/04/18,00:00,Genoa,Cagliari,2,1
03/04/18,00:00,Udinese,Fiorentina,0,2
04/04/18,00:00,Chievo,Sassuolo,1,1
04/04/18,00:00,Milan,Inter,0,0
07/04/18,00:00,Roma,Fiorentina,0,2
07/04/18,00:00,Sampdoria,Genoa,0,0
07/04/18,00:00,Spal,Atalanta,1,1
08/04/18,00:00,Milan,Sassuolo,1,1
08/04/18,00:00,Napoli,Chievo,2,1
08/04/18,00:00,Torino,Inter,1,0
08/04/18,00:00,Udinese,Lazio,1,2
14/04/18,00:00,Atalanta,Inter,0,0
14/04/18,00:00,Cagliari,Udinese,2,1
14/04/18,00:00,Chievo,Torino,0,0
15/04/18,00:00,Fiorentina,Spal,0,0
15/04/18,00:00,Juventus,Sampdoria,3,0
15/04/18,00:00,Lazio,Roma,0,0
15/04/18,00:00,Milan,Napoli,0,0
17/04/18,00:00,Inter,Cagliari,4,0
18/04/18,00:00,Fiorentina,Lazio,3,4
18/04/18,00:00,Napoli,Udinese,4,2
18/04/18,00:00,Roma,Genoa,2,1
18/04/18,00:00,Sampdoria,Bologna,1,0
18/04/18,00:00,Spal,Chievo,0,0
18/04/18,00:00,Torino,Milan,1,1
21/04/18,00:00,Sassuolo,Fiorentina,1,0
21/04/18,00:00,Spal,Roma,0,3
22/04/18,00:00,Atalanta,Torino,2,1
22/04/18,00:00,Cagliari,Bologna,0,0
22/04/18,00:00,Chievo,Inter,1,2
22/04/18,00:00,Juventus,Napoli,0,1
22/04/18,00:00,Lazio,Sampdoria,4,0
28/04/18,00:00,Inter,Juventus,2,3
28/04/18,00:00,Roma,Chievo,4,1
29/04/18,00:00,Atalanta,Genoa,3,1
29/04/18,00:00,Bologna,Milan,1,2
29/04/18,00:00,Fiorentina,Napoli,3,0
29/04/18,00:00,Sampdoria,Cagliari,4,1
29/04/18,00:00,Torino,Lazio,0,1
05/05/18,00:00,Juventus,Bologna,3,1
06/05/18,00:00,Cagliari,Roma,0,1
06/05/18,00:00,Genoa,Fiorentina,2,3
06/05/18,00:00,Lazio,Atalanta,1,1
06/05/18,00:00,Napoli,Torino,2,2
06/05/18,00:00,Sassuolo,Sampdoria,1,0
06/05/18,00:00,Udinese,Inter,0,4
12/05/18,00:00,Inter,Sassuolo,1,2
13/05/18,00:00,Atalanta,Milan,1,1
13/05/18,00:00,Bologna,Chievo,1,2
13/05/18,00:00,Fiorentina,Cagliari,0,1
13/05/18,00:00,Roma,Juventus,0,0
13/05/18,00:00,Sampdoria,Napoli,0,2
13/05/18,00:00,Torino,Spal,2,1
20/05/18,00:00,Cagliari,Atalanta,1,0
20/05/18,00:00,Genoa,Torino,1,2
20/05/18,00:00,Lazio,Inter,2,3
20/05/18,00:00,Milan,Fiorentina,5,1
20/05/18,00:00,Sassuolo,Roma,0,1
20/05/18,00:00,Spal,Sampdoria,3,1
20/05/18,00:00,Udinese,Bologna,1,0
20/08/16,00:00,Juventus,Fiorentina,2,1
20/08/16,00:00,Roma,Udinese,4,0
21/08/16,00:00,Atalanta,Lazio,3,4
21/08/16,00:00,Chievo,Inter,2,0
21/08/16,00:00,Empoli,Sampdoria,0,1
21/08/16,00:00,Genoa,Cagliari,3,1
21/08/16,00:00,Milan,Torino,3,2
27/08/16,00:00,Lazio,Juventus,0,1
27/08/16,00:00,Napoli,Milan,4,2
28/08/16,00:00,Cagliari,Roma,2,2
28/08/16,00:00,Fiorentina,Chievo,1,0
28/08/16,00:00,Sampdoria,Atalanta,2,1
28/08/16,00:00,Torino,Bologna,5,1
28/08/16,00:00,Udinese,Empoli,2,0
10/09/16,00:00,Juventus,Sassuolo,3,1
11/09/16,00:00,Atalanta,Torino,2,1
11/09/16,00:00,Bologna,Cagliari,2,1
11/09/16,00:00,Chievo,Lazio,1,1
11/09/16,00:00,Milan,Udinese,0,1
11/09/16,00:00,Roma,Sampdoria,3,2
16/09/16,00:00,Sampdoria,Milan,0,1
17/09/16,00:00,Napoli,Bologna,3,1
18/09/16,00:00,Cagliari,Atalanta,3,0
18/09/16,00:00,Fiorentina,Roma,1,0
18/09/16,00:00,Inter,Juventus,2,1
18/09/16,00:00,Sassuolo,Genoa,2,0
18/09/16,00:00,Torino,Empoli,0,0
18/09/16,00:00,Udinese,Chievo,1,2
20/09/16,00:00,Milan,Lazio,2,0
21/09/16,00:00,Bologna,Sampdoria,2,0
21/09/16,00:00,Chievo,Sassuolo,2,1
21/09/16,00:00,Empoli,Inter,0,2
21/09/16,00:00,Genoa,Napoli,0,0
21/09/16,00:00,Juventus,Cagliari,4,0
21/09/16,00:00,Udinese,Fiorentina,2,2
24/09/16,00:00,Napoli,Chievo,2,0
25/09/16,00:00,Fiorentina,Milan,0,0
25/09/16,00:00,Inter,Bologna,1,1
25/09/16,00:00,Lazio,Empoli,2,0
25/09/16,00:00,Sassuolo,Udinese,1,0
25/09/16,00:00,Torino,Roma,3,1
26/09/16,00:00,Cagliari,Sampdoria,2,1
01/10/16,00:00,Udinese,Lazio,0,3
02/10/16,00:00,Atalanta,Napoli,1,0
02/10/16,00:00,Bologna,Genoa,0,1
02/10/16,00:00,Empoli,Juventus,0,3
02/10/16,00:00,Milan,Sassuolo,4,3
02/10/16,00:00,Roma,Inter,2,1
02/10/16,00:00,Torino,Fiorentina,2,1
15/10/16,00:00,Juventus,Udinese,2,1
15/10/16,00:00,Napoli,Roma,1,3
16/10/16,00:00,Chievo,Milan,1,3
16/10/16,00:00,Fiorentina,Atalanta,0,0
16/10/16,00:00,Genoa,Empoli,0,0
16/10/16,00:00,Inter,Cagliari,1,2
16/10/16,00:00,Lazio,Bologna,1,1
22/10/16,00:00,Milan,Juventus,1,0
22/10/16,00:00,Sampdoria,Genoa,2,1
23/10/16,00:00,Atalanta,Inter,2,1
23/10/16,00:00,Bologna,Sassuolo,1,1
23/10/16,00:00,Cagliari,Fiorentina,3,5
23/10/16,00:00,Empoli,Chievo,0,0
23/10/16,00:00,Torino,Lazio,2,2
25/10/16,00:00,Genoa,Milan,3,0
26/10/16,00:00,Chievo,Bologna,1,1
26/10/16,00:00,Inter,Torino,2,1
26/10/16,00:00,Juventus,Sampdoria,4,1
26/10/16,00:00,Lazio,Cagliari,4,1
26/10/16,00:00,Napoli,Empoli,2,0
26/10/16,00:00,Sassuolo,Roma,1,3
29/10/16,00:00,Bologna,Fiorentina,0,1
29/10/16,00:00,Juventus,Napoli,2,1
30/10/16,00:00,Atalanta,Genoa,3,0
30/10/16,00:00,Empoli,Roma,0,0
30/10/16,00:00,Lazio,Sassuolo,2,1
30/10/16,00:00,Sampdoria,Inter,1,0
31/10/16,00:00,Udinese,Torino,2,2
05/11/16,00:00,Napoli,Lazio,1,1
05/11/16,00:00,Torino,Cagliari,5,1
06/11/16,00:00,Chievo,Juventus,1,2
06/11/16,00:00,Fiorentina,Sampdoria,1,1
06/11/16,00:00,Genoa,Udinese,1,1
06/11/16,00:00,Roma,Bologna,3,0
06/11/16,00:00,Sassuolo,Atalanta,0,3
19/11/16,00:00,Chievo,Cagliari,1,0
19/11/16,00:00,Udinese,Napoli,1,2
20/11/16,00:00,Atalanta,Roma,2,1
20/11/16,00:00,Empoli,Fiorentina,0,4
20/11/16,00:00,Lazio,Genoa,3,1
20/11/16,00:00,Milan,Inter,2,2
20/11/16,00:00,Sampdoria,Sassuolo,3,2
26/11/16,00:00,Empoli,Milan,1,4
26/11/16,00:00,Torino,Chievo,2,1
27/11/16,00:00,Bologna,Atalanta,0,2
27/11/16,00:00,Cagliari,Udinese,2,1
27/11/16,00:00,Genoa,Juventus,3,1
28/11/16,00:00,Inter,Fiorentina,4,2
28/11/16,00:00,Napoli,Sassuolo,1,1
02/12/16,00:00,Napoli,Inter,3,0
03/12/16,00:00,Juventus,Atalanta,3,1
04/12/16,00:00,Lazio,Roma,0,2
04/12/16,00:00,Sampdoria,Torino,2,0
04/12/16,00:00,Sassuolo,Empoli,3,0
05/12/16,00:00,Chievo,Genoa,0,0
05/12/16,00:00,Udinese,Bologna,1,0
10/12/16,00:00,Sampdoria,Lazio,1,2
11/12/16,00:00,Atalanta,Udinese,1,3
11/12/16,00:00,Bologna,Empoli,0,0
11/12/16,00:00,Cagliari,Napoli,0,5
11/12/16,00:00,Inter,Genoa,2,0
11/12/16,00:00,Torino,Juventus,1,3
12/12/16,00:00,Fiorentina,Sassuolo,2,1
12/12/16,00:00,Roma,Milan,1,0
15/12/16,00:00,Genoa,Fiorentina,1,0
17/12/16,00:00,Empoli,Cagliari,2,0
17/12/16,00:00,Juventus,Roma,1,0
17/12/16,00:00,Milan,Atalanta,0,0
18/12/16,00:00,Chievo,Sampdoria,2,1
18/12/16,00:00,Lazio,Fiorentina,3,1
18/12/16,00:00,Napoli,Torino,5,3
18/12/16,00:00,Sassuolo,Inter,0,1
20/12/16,00:00,Atalanta,Empoli,2,1
21/12/16,00:00,Inter,Lazio,3,0
22/12/16,00:00,Cagliari,Sassuolo,4,3
22/12/16,00:00,Fiorentina,Napoli,3,3
22/12/16,00:00,Roma,Chievo,3,1
22/12/16,00:00,Sampdoria,Udinese,0,0
22/12/16,00:00,Torino,Genoa,1,0
07/01/17,00:00,Napoli,Sampdoria,2,1
08/01/17,00:00,Chievo,Atalanta,1,4
08/01/17,00:00,Genoa,Roma,0,1
08/01/17,00:00,Juventus,Bologna,3,0
08/01/17,00:00,Milan,Cagliari,1,0
08/01/17,00:00,Sassuolo,Torino,0,0
08/01/17,00:00,Udinese,Inter,1,2
14/01/17,00:00,Inter,Chievo,3,1
15/01/17,00:00,Cagliari,Genoa,4,1
15/01/17,00:00,Fiorentina,Juventus,2,1
15/01/17,00:00,Lazio,Atalanta,2,1
15/01/17,00:00,Sampdoria,Empoli,0,0
15/01/17,00:00,Udinese,Roma,0,1
16/01/17,00:00,Torino,Milan,2,2
21/01/17,00:00,Chievo,Fiorentina,0,3
21/01/17,00:00,Milan,Napoli,1,2
22/01/17,00:00,Atalanta,Sampdoria,1,0
22/01/17,00:00,Bologna,Torino,2,0
22/01/17,00:00,Empoli,Udinese,1,0
22/01/17,00:00,Juventus,Lazio,2,0
22/01/17,00:00,Roma,Cagliari,1,0
28/01/17,00:00,Lazio,Chievo,0,1
29/01/17,00:00,Cagliari,Bologna,1,1
29/01/17,00:00,Fiorentina,Genoa,3,3
29/01/17,00:00,Sampdoria,Roma,3,2
29/01/17,00:00,Sassuolo,Juventus,0,2
29/01/17,00:00,Torino,Atalanta,1,1
29/01/17,00:00,Udinese,Milan,2,1
04/02/17,00:00,Bologna,Napoli,1,7
05/02/17,00:00,Atalanta,Cagliari,2,0
05/02/17,00:00,Chievo,Udinese,0,0
05/02/17,00:00,Empoli,Torino,1,1
05/02/17,00:00,Genoa,Sassuolo,0,1
05/02/17,00:00,Juventus,Inter,1,0
05/02/17,00:00,Milan,Sampdoria,0,1
07/02/17,00:00,Roma,Fiorentina,4,0
08/02/17,00:00,Bologna,Milan,0,1
10/02/17,00:00,Napoli,Genoa,2,0
11/02/17,00:00,Fiorentina,Udinese,3,0
12/02/17,00:00,Cagliari,Juventus,0,2
12/02/17,00:00,Inter,Empoli,2,0
12/02/17,00:00,Sampdoria,Bologna,3,1
12/02/17,00:00,Sassuolo,Chievo,1,3
13/02/17,00:00,Lazio,Milan,1,1
18/02/17,00:00,Empoli,Lazio,1,2
19/02/17,00:00,Bologna,Inter,0,1
19/02/17,00:00,Chievo,Napoli,1,3
19/02/17,00:00,Milan,Fiorentina,2,1
19/02/17,00:00,Roma,Torino,4,1
19/02/17,00:00,Sampdoria,Cagliari,1,1
19/02/17,00:00,Udinese,Sassuolo,1,2
25/02/17,00:00,Juventus,Empoli,2,0
25/02/17,00:00,Napoli,Atalanta,0,2
26/02/17,00:00,Genoa,Bologna,1,1
26/02/17,00:00,Inter,Roma,1,3
26/02/17,00:00,Lazio,Udinese,1,0
26/02/17,00:00,Sassuolo,Milan,0,1
27/02/17,00:00,Fiorentina,Torino,2,2
04/03/17,00:00,Milan,Chievo,3,1
04/03/17,00:00,Roma,Napoli,1,2
05/03/17,00:00,Atalanta,Fiorentina,0,0
05/03/17,00:00,Bologna,Lazio,0,2
05/03/17,00:00,Cagliari,Inter,1,5
05/03/17,00:00,Empoli,Genoa,0,2
05/03/17,00:00,Udinese,Juventus,1,1
10/03/17,00:00,Juventus,Milan,2,1
11/03/17,00:00,Genoa,Sampdoria,0,1
12/03/17,00:00,Chievo,Empoli,4,0
12/03/17,00:00,Fiorentina,Cagliari,1,0
12/03/17,00:00,Inter,Atalanta,7,1
12/03/17,00:00,Sassuolo,Bologna,0,1
13/03/17,00:00,Lazio,Torino,3,1
18/03/17,00:00,Milan,Genoa,1,0
18/03/17,00:00,Torino,Inter,2,2
19/03/17,00:00,Bologna,Chievo,4,1
19/03/17,00:00,Cagliari,Lazio,0,0
19/03/17,00:00,Empoli,Napoli,2,3
19/03/17,00:00,Roma,Sassuolo,3,1
19/03/17,00:00,Sampdoria,Juventus,0,1
01/04/17,00:00,Roma,Empoli,2,0
01/04/17,00:00,Sassuolo,Lazio,1,2
02/04/17,00:00,Fiorentina,Bologna,1,0
02/04/17,00:00,Genoa,Atalanta,0,5
02/04/17,00:00,Napoli,Juventus,1,1
02/04/17,00:00,Torino,Udinese,2,2
03/04/17,00:00,Inter,Sampdoria,1,2
08/04/17,00:00,Atalanta,Sassuolo,1,1
08/04/17,00:00,Juventus,Chievo,2,0
09/04/17,00:00,Bologna,Roma,0,3
09/04/17,00:00,Cagliari,Torino,2,3
09/04/17,00:00,Lazio,Napoli,0,3
09/04/17,00:00,Sampdoria,Fiorentina,2,2
09/04/17,00:00,Udinese,Genoa,3,0
15/04/17,00:00,Cagliari,Chievo,4,0
15/04/17,00:00,Fiorentina,Empoli,1,2
15/04/17,00:00,Genoa,Lazio,2,2
15/04/17,00:00,Inter,Milan,2,2
15/04/17,00:00,Napoli,Udinese,3,0
15/04/17,00:00,Roma,Atalanta,1,1
15/04/17,00:00,Sassuolo,Sampdoria,2,1
22/04/17,00:00,Atalanta,Bologna,3,2
22/04/17,00:00,Fiorentina,Inter,5,4
23/04/17,00:00,Chievo,Torino,1,3
23/04/17,00:00,Juventus,Genoa,4,0
23/04/17,00:00,Milan,Empoli,1,2
23/04/17,00:00,Sassuolo,Napoli,2,2
23/04/17,00:00,Udinese,Cagliari,2,1
28/04/17,00:00,Atalanta,Juventus,2,2
29/04/17,00:00,Torino,Sampdoria,1,1
30/04/17,00:00,Bologna,Udinese,4,0
30/04/17,00:00,Empoli,Sassuolo,1,3
30/04/17,00:00,Genoa,Chievo,1,2
30/04/17,00:00,Inter,Napoli,0,1
30/04/17,00:00,Roma,Lazio,1,3
06/05/17,00:00,Juventus,Torino,1,1
06/05/17,00:00,Napoli,Cagliari,3,1
07/05/17,00:00,Empoli,Bologna,3,1
07/05/17,00:00,Genoa,Inter,1,0
07/05/17,00:00,Lazio,Sampdoria,7,3
07/05/17,00:00,Milan,Roma,1,4
07/05/17,00:00,Sassuolo,Fiorentina,2,2
07/05/17,00:00,Udinese,Atalanta,1,1
13/05/17,00:00,Atalanta,Milan,1,1
13/05/17,00:00,Fiorentina,Lazio,3,2
14/05/17,00:00,Cagliari,Empoli,3,2
14/05/17,00:00,Inter,Sassuolo,1,2
14/05/17,00:00,Roma,Juventus,3,1
14/05/17,00:00,Sampdoria,Chievo,1,1
14/05/17,00:00,Torino,Napoli,0,5
20/05/17,00:00,Chievo,Roma,3,5
20/05/17,00:00,Napoli,Fiorentina,4,1
21/05/17,00:00,Empoli,Atalanta,0,1
21/05/17,00:00,Genoa,Torino,2,1
21/05/17,00:00,Lazio,Inter,1,3
21/05/17,00:00,Milan,Bologna,3,0
21/05/17,00:00,Sassuolo,Cagliari,6,2
21/05/17,00:00,Udinese,Sampdoria,1,1
27/05/17,00:00,Atalanta,Chievo,1,0
27/05/17,00:00,Bologna,Juventus,1,2
28/05/17,00:00,Cagliari,Milan,2,1
28/05/17,00:00,Inter,Udinese,5,2
28/05/17,00:00,Roma,Genoa,3,2
28/05/17,00:00,Sampdoria,Napoli,2,4
28/05/17,00:00,Torino,Sassuolo,5,3
2018-08-18,18:00,Chievo,Juventus,2,3
2018-08-18,20:30,Lazio,Napoli,1,2
2018-08-19,18:00,Torino,Roma,0,1
2018-08-19,20:30,Sassuolo,Inter,1,0
2018-08-19,20:30,Parma,Udinese,2,2
2018-08-19,20:30,Empoli,Cagliari,2,0
2018-08-19,20:30,Bologna,Spal,0,1
2018-08-20,20:30,Atalanta,Frosinone,4,0
2018-08-25,18:00,Juventus,Lazio,2,0
2018-08-25,20:30,Napoli,Milan,3,2
2018-08-26,18:00,Spal,Parma,1,0
2018-08-26,20:30,Udinese,Sampdoria,1,0
2018-08-26,20:30,Inter,Torino,2,2
2018-08-26,20:30,Genoa,Empoli,2,1
2018-08-26,20:30,Frosinone,Bologna,0,0
2018-08-26,20:30,Fiorentina,Chievo,6,1
2018-08-26,20:30,Cagliari,Sassuolo,2,2
2018-08-27,20:30,Roma,Atalanta,3,3
2018-08-31,20:30,Milan,Roma,2,1
2018-09-01,18:00,Bologna,Inter,0,3
2018-09-01,20:30,Parma,Juventus,1,2
2018-09-02,18:00,Fiorentina,Udinese,1,0
2018-09-02,20:30,Torino,Spal,1,0
2018-09-02,20:30,Sassuolo,Genoa,5,3
2018-09-02,20:30,Sampdoria,Napoli,3,0
2018-09-02,20:30,Lazio,Frosinone,1,0
2018-09-02,20:30,Chievo,Empoli,0,0
2018-09-02,20:30,Atalanta,Cagliari,0,1
2018-09-15,15:00,Inter,Parma,0,1
2018-09-15,18:00,Napoli,Fiorentina,1,0
2018-09-15,20:30,Frosinone,Sampdoria,0,5
2018-09-16,12:30,Roma,Chievo,2,2
2018-09-16,15:00,Udinese,Torino,1,1
2018-09-16,15:00,Juventus,Sassuolo,2,1
2018-09-16,15:00,Genoa,Bologna,1,0
2018-09-16,18:00,Empoli,Lazio,0,1
2018-09-16,20:30,Cagliari,Milan,1,1
2018-09-17,20:30,Spal,Atalanta,2,0
2018-09-19,19:00,Sampdoria,Fiorentina,1,1
2018-09-21,20:30,Sassuolo,Empoli,3,1
2018-09-22,15:00,Parma,Cagliari,2,0
2018-09-22,18:00,Fiorentina,Spal,3,0
2018-09-22,20:30,Sampdoria,Inter,0,1
2018-09-23,12:30,Torino,Napoli,1,3
2018-09-23,15:00,Lazio,Genoa,4,1
2018-09-23,15:00,Chievo,Udinese,0,2
2018-09-23,15:00,Bologna,Roma,2,0
2018-09-23,18:00,Milan,Atalanta,2,2
2018-09-23,20:30,Frosinone,Juventus,0,2
2018-09-25,21:00,Inter,Fiorentina,2,1
2018-09-26,19:00,Udinese,Lazio,1,2
2018-09-26,21:00,Roma,Frosinone,4,0
2018-09-26,21:00,Napoli,Parma,3,0
2018-09-26,21:00,Juventus,Bologna,2,0
2018-09-26,21:00,Genoa,Chievo,2,0
2018-09-26,21:00,Cagliari,Sampdoria,0,0
2018-09-26,21:00,Atalanta,Torino,0,0
2018-09-27,19:00,Spal,Sassuolo,0,2
2018-09-27,21:00,Empoli,Milan,1,1
2018-09-29,15:00,Roma,Lazio,3,1
2018-09-29,18:00,Juventus,Napoli,3,1
2018-09-29,20:30,Inter,Cagliari,2,0
2018-09-30,12:30,Bologna,Udinese,2,1
2018-09-30,15:00,Frosinone,Genoa,1,2
2018-09-30,15:00,Fiorentina,Atalanta,2,0
2018-09-30,15:00,Chievo,Torino,0,1
2018-09-30,18:00,Parma,Empoli,1,0
2018-09-30,20:30,Sassuolo,Milan,1,4
2018-10-01,20:30,Sampdoria,Spal,2,1
2018-10-05,20:30,Torino,Frosinone,3,2
2018-10-06,15:00,Cagliari,Bologna,2,0
2018-10-06,18:00,Udinese,Juventus,0,2
2018-10-06,20:30,Empoli,Roma,0,2
2018-10-07,12:30,Genoa,Parma,1,3
2018-10-07,15:00,Milan,Chievo,3,1
2018-10-07,15:00,Lazio,Fiorentina,1,0
2018-10-07,15:00,Atalanta,Sampdoria,0,1
2018-10-07,18:00,Napoli,Sassuolo,2,0
2018-10-07,20:30,Spal,Inter,1,2
2018-10-20,15:00,Roma,Spal,0,2
2018-10-20,18:00,Juventus,Genoa,1,1
2018-10-20,20:30,Udinese,Napoli,0,3
2018-10-21,12:30,Frosinone,Empoli,3,3
2018-10-21,15:00,Parma,Lazio,0,2
2018-10-21,15:00,Chievo,Atalanta,1,5
2018-10-21,15:00,Bologna,Torino,2,2
2018-10-21,18:00,Fiorentina,Cagliari,1,1
2018-10-21,20:30,Inter,Milan,1,0
2018-10-22,20:30,Sampdoria,Sassuolo,0,0
2018-10-27,15:00,Atalanta,Parma,3,0
2018-10-27,18:00,Empoli,Juventus,1,2
2018-10-27,20:30,Torino,Fiorentina,1,1
2018-10-28,12:30,Sassuolo,Bologna,2,2
2018-10-28,15:00,Spal,Frosinone,0,3
2018-10-28,15:00,Genoa,Udinese,2,2
2018-10-28,15:00,Cagliari,Chievo,2,1
2018-10-28,18:00,Milan,Sampdoria,3,2
2018-10-28,20:30,Napoli,Roma,1,1
2018-10-29,20:30,Lazio,Inter,0,3
2018-10-31,20:30,Milan,Genoa,2,1
2018-11-02,20:30,Napoli,Empoli,5,1
2018-11-03,15:00,Inter,Genoa,5,0
2018-11-03,18:00,Fiorentina,Roma,1,1
2018-11-03,20:30,Juventus,Cagliari,3,1
2018-11-04,12:30,Lazio,Spal,4,1
2018-11-04,15:00,Sampdoria,Torino,1,4
2018-11-04,15:00,Parma,Frosinone,0,0
2018-11-04,15:00,Chievo,Sassuolo,0,2
2018-11-04,18:00,Bologna,Atalanta,1,2
2018-11-04,20:30,Udinese,Milan,0,1
2018-11-09,20:30,Frosinone,Fiorentina,1,1
2018-11-10,15:00,Torino,Parma,1,2
2018-11-10,18:00,Spal,Cagliari,2,2
2018-11-10,20:30,Genoa,Napoli,1,2
2018-11-11,12:30,Atalanta,Inter,4,1
2018-11-11,15:00,Roma,Sampdoria,4,1
2018-11-11,15:00,Empoli,Udinese,2,1
2018-11-11,15:00,Chievo,Bologna,2,2
2018-11-11,18:00,Sassuolo,Lazio,1,1
2018-11-11,20:30,Milan,Juventus,0,2
2018-11-24,15:00,Udinese,Roma,1,0
2018-11-24,18:00,Juventus,Spal,2,0
2018-11-24,20:30,Inter,Frosinone,3,0
2018-11-25,12:30,Parma,Sassuolo,2,1
2018-11-25,15:00,Napoli,Chievo,0,0
2018-11-25,15:00,Empoli,Atalanta,3,2
2018-11-25,15:00,Bologna,Fiorentina,0,0
2018-11-25,18:00,Lazio,Milan,1,1
2018-11-25,20:30,Genoa,Sampdoria,1,1
2018-11-26,20:30,Cagliari,Torino,0,0
2018-12-01,15:00,Spal,Empoli,2,2
2018-12-01,18:00,Fiorentina,Juventus,0,3
2018-12-01,20:30,Sampdoria,Bologna,4,1
2018-12-02,12:30,Milan,Parma,2,1
2018-12-02,15:00,Torino,Genoa,2,1
2018-12-02,15:00,Sassuolo,Udinese,0,0
2018-12-02,15:00,Frosinone,Cagliari,1,1
2018-12-02,18:00,Chievo,Lazio,1,1
2018-12-02,20:30,Roma,Inter,2,2
2018-12-03,20:30,Atalanta,Napoli,1,2
2018-12-07,20:30,Juventus,Inter,1,0
2018-12-08,15:00,Napoli,Frosinone,4,0
2018-12-08,18:00,Cagliari,Roma,2,2
2018-12-08,20:30,Lazio,Sampdoria,2,2
2018-12-09,12:30,Sassuolo,Fiorentina,3,3
2018-12-09,15:00,Udinese,Atalanta,1,3
2018-12-09,15:00,Parma,Chievo,1,1
2018-12-09,15:00,Empoli,Bologna,2,1
2018-12-09,18:00,Genoa,Spal,1,1
2018-12-09,20:30,Milan,Torino,0,0
2018-12-15,18:00,Inter,Udinese,1,0
2018-12-15,20:30,Torino,Juventus,0,1
2018-12-16,12:30,Spal,Chievo,0,0
2018-12-16,15:00,Sampdoria,Parma,2,0
2018-12-16,15:00,Frosinone,Sassuolo,0,2
2018-12-16,15:00,Fiorentina,Empoli,3,1
2018-12-16,18:00,Cagliari,Napoli,0,1
2018-12-16,20:30,Roma,Genoa,3,2
2018-12-17,20:30,Atalanta,Lazio,1,0
2018-12-18,20:30,Bologna,Milan,0,0
2018-12-22,12:30,Lazio,Cagliari,3,1
2018-12-22,15:00,Udinese,Frosinone,1,1
2018-12-22,15:00,Sassuolo,Torino,1,1
2018-12-22,15:00,Napoli,Spal,1,0
2018-12-22,15:00,Milan,Fiorentina,0,1
2018-12-22,15:00,Genoa,Atalanta,3,1
2018-12-22,15:00,Empoli,Sampdoria,2,4
2018-12-22,18:00,Parma,Bologna,0,0
2018-12-22,18:00,Chievo,Inter,1,1
2018-12-22,20:30,Juventus,Roma,1,0
2018-12-26,12:30,Frosinone,Milan,0,0
2018-12-26,15:00,Sampdoria,Chievo,2,0
2018-12-26,15:00,Fiorentina,Parma,0,1
2018-12-26,15:00,Cagliari,Genoa,1,0
2018-12-26,15:00,Bologna,Lazio,0,2
2018-12-26,15:00,Atalanta,Juventus,2,2
2018-12-26,18:00,Torino,Empoli,3,0
2018-12-26,18:00,Spal,Udinese,0,0
2018-12-26,18:00,Roma,Sassuolo,3,1
2018-12-26,20:30,Inter,Napoli,1,0
2018-12-29,12:30,Juventus,Sampdoria,2,1
2018-12-29,15:00,Udinese,Cagliari,2,0
2018-12-29,15:00,Sassuolo,Atalanta,2,6
2018-12-29,15:00,Parma,Roma,0,2
2018-12-29,15:00,Lazio,Torino,1,1
2018-12-29,15:00,Genoa,Fiorentina,0,0
2018-12-29,15:00,Empoli,Inter,0,1
2018-12-29,15:00,Chievo,Frosinone,1,0
2018-12-29,18:00,Napoli,Bologna,3,2
2018-12-29,20:30,Milan,Spal,2,1
2019-01-19,15:00,Roma,Torino,3,2
2019-01-19,18:00,Udinese,Parma,1,2
2019-01-19,20:30,Inter,Sassuolo,0,0
2019-01-20,12:30,Frosinone,Atalanta,0,5
2019-01-20,15:00,Spal,Bologna,1,1
2019-01-20,15:00,Fiorentina,Sampdoria,3,3
2019-01-20,18:00,Cagliari,Empoli,2,2
2019-01-20,20:30,Napoli,Lazio,2,1
2019-01-21,15:00,Genoa,Milan,0,2
2019-01-21,20:30,Juventus,Chievo,3,0
2019-01-26,15:00,Sassuolo,Cagliari,3,0
2019-01-26,18:00,Sampdoria,Udinese,4,0
2019-01-26,20:30,Milan,Napoli,0,0
2019-01-27,12:30,Chievo,Fiorentina,3,4
2019-01-27,15:00,Parma,Spal,2,3
2019-01-27,15:00,Bologna,Frosinone,0,4
2019-01-27,15:00,Atalanta,Roma,3,3
2019-01-27,18:00,Torino,Inter,1,0
2019-01-27,20:30,Lazio,Juventus,1,2
2019-01-28,20:30,Empoli,Genoa,1,3
2019-02-02,15:00,Empoli,Chievo,2,2
2019-02-02,18:00,Napoli,Sampdoria,3,0
2019-02-02,20:30,Juventus,Parma,3,3
2019-02-03,12:30,Spal,Torino,0,0
2019-02-03,15:00,Udinese,Fiorentina,1,1
2019-02-03,15:00,Genoa,Sassuolo,1,1
2019-02-03,18:00,Inter,Bologna,0,1
2019-02-03,20:30,Roma,Milan,1,1
2019-02-04,19:00,Frosinone,Lazio,0,1
2019-02-04,21:00,Cagliari,Atalanta,0,1
2019-02-07,20:30,Lazio,Empoli,1,0
2019-02-08,20:30,Chievo,Roma,0,3
2019-02-09,18:00,Fiorentina,Napoli,0,0
2019-02-09,20:30,Parma,Inter,0,1
2019-02-10,12:30,Bologna,Genoa,1,1
2019-02-10,15:00,Torino,Udinese,1,0
2019-02-10,15:00,Sampdoria,Frosinone,0,1
2019-02-10,15:00,Atalanta,Spal,2,1
2019-02-10,18:00,Sassuolo,Juventus,0,3
2019-02-10,20:30,Milan,Cagliari,3,0
2019-02-15,20:30,Juventus,Frosinone,3,0
2019-02-16,18:00,Cagliari,Parma,2,1
2019-02-16,20:30,Atalanta,Milan,1,3
2019-02-17,12:30,Spal,Fiorentina,1,4
2019-02-17,15:00,Udinese,Chievo,1,0
2019-02-17,15:00,Genoa,Lazio,2,1
2019-02-17,15:00,Empoli,Sassuolo,3,0
2019-02-17,18:00,Inter,Sampdoria,2,1
2019-02-17,20:30,Napoli,Torino,0,0
2019-02-18,20:30,Roma,Bologna,2,1
2019-02-22,20:30,Milan,Empoli,3,0
2019-02-23,15:00,Torino,Atalanta,2,0
2019-02-23,20:30,Frosinone,Roma,2,3
2019-02-24,12:30,Sampdoria,Cagliari,1,0
2019-02-24,15:00,Sassuolo,Spal,1,1
2019-02-24,15:00,Chievo,Genoa,0,0
2019-02-24,15:00,Bologna,Juventus,0,1
2019-02-24,18:00,Parma,Napoli,0,4
2019-02-24,20:30,Fiorentina,Inter,3,3
2019-03-01,20:30,Cagliari,Inter,2,1
2019-03-02,15:00,Empoli,Parma,3,3
2019-03-02,18:00,Milan,Sassuolo,1,0
2019-03-02,20:30,Lazio,Roma,3,0
2019-03-03,12:30,Torino,Chievo,3,0
2019-03-03,15:00,Udinese,Bologna,2,1
2019-03-03,15:00,Spal,Sampdoria,1,2
2019-03-03,15:00,Genoa,Frosinone,0,0
2019-03-03,18:00,Atalanta,Fiorentina,3,1
2019-03-03,20:30,Napoli,Juventus,1,2
2019-03-08,20:30,Juventus,Udinese,4,1
2019-03-09,18:00,Parma,Genoa,1,0
2019-03-09,20:30,Chievo,Milan,1,2
2019-03-10,12:30,Bologna,Cagliari,2,0
2019-03-10,15:00,Sampdoria,Atalanta,1,2
2019-03-10,15:00,Inter,Spal,2,0
2019-03-10,15:00,Frosinone,Torino,1,2
2019-03-10,18:00,Sassuolo,Napoli,1,1
2019-03-10,20:30,Fiorentina,Lazio,1,1
2019-03-11,20:30,Roma,Empoli,2,1
2019-03-15,20:30,Cagliari,Fiorentina,2,1
2019-03-16,15:00,Sassuolo,Sampdoria,3,5
2019-03-16,18:00,Spal,Roma,2,1
2019-03-16,20:30,Torino,Bologna,2,3
2019-03-17,12:30,Genoa,Juventus,2,0
2019-03-17,15:00,Lazio,Parma,4,1
2019-03-17,15:00,Empoli,Frosinone,2,1
2019-03-17,15:00,Atalanta,Chievo,1,1
2019-03-17,18:00,Napoli,Udinese,4,2
2019-03-17,20:30,Milan,Inter,2,3
2019-03-29,20:30,Chievo,Cagliari,0,3
2019-03-30,15:00,Udinese,Genoa,2,0
2019-03-30,18:00,Juventus,Empoli,1,0
2019-03-30,20:30,Sampdoria,Milan,1,0
2019-03-31,12:30,Parma,Atalanta,1,3
2019-03-31,15:00,Roma,Napoli,1,4
2019-03-31,15:00,Frosinone,Spal,0,1
2019-03-31,15:00,Fiorentina,Torino,1,1
2019-03-31,18:00,Bologna,Sassuolo,2,1
2019-03-31,20:30,Inter,Lazio,0,1
2019-04-02,19:00,Milan,Udinese,1,1
2019-04-02,21:00,Cagliari,Juventus,0,2
2019-04-03,19:00,Empoli,Napoli,2,1
2019-04-03,21:00,Torino,Sampdoria,2,1
2019-04-03,21:00,Spal,Lazio,1,0
2019-04-03,21:00,Roma,Fiorentina,2,2
2019-04-03,21:00,Genoa,Inter,0,4
2019-04-03,21:00,Frosinone,Parma,3,2
2019-04-04,19:00,Sassuolo,Chievo,4,0
2019-04-04,21:00,Atalanta,Bologna,4,1
2019-04-06,15:00,Parma,Torino,0,0
2019-04-06,18:00,Juventus,Milan,2,1
2019-04-06,20:30,Sampdoria,Roma,0,1
2019-04-07,12:30,Fiorentina,Frosinone,0,1
2019-04-07,15:00,Udinese,Empoli,3,2
2019-04-07,15:00,Cagliari,Spal,2,1
2019-04-07,18:00,Lazio,Sassuolo,2,2
2019-04-07,18:00,Inter,Atalanta,0,0
2019-04-07,20:30,Napoli,Genoa,1,1
2019-04-08,20:30,Bologna,Chievo,3,0
2019-04-13,15:00,Spal,Juventus,2,1
2019-04-13,18:00,Roma,Udinese,1,0
2019-04-13,20:30,Milan,Lazio,1,0
2019-04-14,12:30,Torino,Cagliari,1,1
2019-04-14,15:00,Sassuolo,Parma,0,0
2019-04-14,15:00,Sampdoria,Genoa,2,0
2019-04-14,15:00,Fiorentina,Bologna,0,0
2019-04-14,18:00,Chievo,Napoli,1,3
2019-04-14,20:30,Frosinone,Inter,1,3
2019-04-15,20:30,Atalanta,Empoli,0,0
2019-04-17,19:00,Lazio,Udinese,2,0
2019-04-20,12:30,Parma,Milan,1,1
2019-04-20,15:00,Udinese,Sassuolo,1,1
2019-04-20,15:00,Lazio,Chievo,1,2
2019-04-20,15:00,Genoa,Torino,0,1
2019-04-20,15:00,Empoli,Spal,2,4
2019-04-20,15:00,Cagliari,Frosinone,1,0
2019-04-20,15:00,Bologna,Sampdoria,3,0
2019-04-20,18:00,Juventus,Fiorentina,2,1
2019-04-20,20:30,Inter,Roma,1,1
2019-04-22,19:00,Napoli,Atalanta,1,2
2019-04-27,15:00,Bologna,Empoli,3,1
2019-04-27,18:00,Roma,Cagliari,3,0
2019-04-27,20:30,Inter,Juventus,1,1
2019-04-28,12:30,Frosinone,Napoli,0,2
2019-04-28,15:00,Spal,Genoa,1,1
2019-04-28,15:00,Chievo,Parma,1,1
2019-04-28,18:00,Sampdoria,Lazio,1,2
2019-04-28,20:30,Torino,Milan,2,0
2019-04-29,19:00,Atalanta,Udinese,2,0
2019-04-29,21:00,Fiorentina,Sassuolo,0,1
2019-05-03,20:30,Juventus,Torino,1,1
2019-05-04,18:00,Chievo,Spal,0,4
2019-05-04,20:30,Udinese,Inter,0,0
2019-05-05,12:30,Empoli,Fiorentina,1,0
2019-05-05,15:00,Sassuolo,Frosinone,2,2
2019-05-05,15:00,Parma,Sampdoria,3,3
2019-05-05,15:00,Lazio,Atalanta,1,3
2019-05-05,18:00,Genoa,Roma,1,1
2019-05-05,20:30,Napoli,Cagliari,2,1
2019-05-06,20:30,Milan,Bologna,2,1
2019-05-11,15:00,Atalanta,Genoa,2,1
2019-05-11,18:00,Cagliari,Lazio,1,2
2019-05-11,20:30,Fiorentina,Milan,0,1
2019-05-12,12:30,Torino,Sassuolo,3,2
2019-05-12,15:00,Sampdoria,Empoli,1,2
2019-05-12,15:00,Frosinone,Udinese,1,3
2019-05-12,18:00,Spal,Napoli,1,2
2019-05-12,20:30,Roma,Juventus,2,0
2019-05-13,19:00,Bologna,Parma,4,1
2019-05-13,21:00,Inter,Chievo,2,0
2019-05-18,15:00,Udinese,Spal,3,2
2019-05-18,18:00,Genoa,Cagliari,1,1
2019-05-18,20:30,Sassuolo,Roma,0,0
2019-05-19,12:30,Chievo,Sampdoria,0,0
2019-05-19,15:00,Parma,Fiorentina,1,0
2019-05-19,15:00,Empoli,Torino,4,1
2019-05-19,18:00,Milan,Frosinone,2,0
2019-05-19,20:30,Napoli,Inter,4,1
2019-05-19,20:30,Juventus,Atalanta,1,1
2019-05-20,20:30,Lazio,Bologna,3,3
2019-05-25,18:00,Frosinone,Chievo,0,0
2019-05-25,20:30,Bologna,Napoli,3,2
2019-05-26,15:00,Torino,Lazio,3,1
2019-05-26,18:00,Sampdoria,Juventus,2,0
2019-05-26,20:30,Spal,Milan,2,3
2019-05-26,20:30,Roma,Parma,2,1
2019-05-26,20:30,Inter,Empoli,2,1
2019-05-26,20:30,Fiorentina,Genoa,0,0
2019-05-26,20:30,Cagliari,Udinese,1,2
2019-05-26,20:30,Atalanta,Sassuolo,3,1
